date,ccn,hospital,status,file_url,records,error_type,error_message,duration
2026-09-03T03:12:40.084437+00:00,010001,SOUTHEAST HEALTH MEDICAL CENTER,SUCCESS,C:\Users\bombt\Documents\Code\Hospital_Pricing\data\AL\010001.jsonl,2,,,0.02
2026-09-03T03:12:40.084437+00:00,010005,MARSHALL MEDICAL CENTER SOUTH,SUCCESS,C:\Users\bombt\Documents\Code\Hospital_Pricing\data\AL\010005.jsonl,,,,0.02
2026-09-03T03:12:40.084437+00:00,010006,NORTH ALABAMA MEDICAL CENTER,SUCCESS,C:\Users\bombt\Documents\Code\Hospital_Pricing\data\AL\010006.jsonl,,,,0.01
2026-09-03T03:12:40.084437+00:00,010007,MIZELL MEMORIAL HOSPITAL,SUCCESS,C:\Users\bombt\Documents\Code\Hospital_Pricing\data\AL\010007.jsonl,,,,0.01
2026-09-03T03:12:40.084437+00:00,010008,CRENSHAW COMMUNITY HOSPITAL,SUCCESS,C:\Users\bombt\Documents\Code\Hospital_Pricing\data\AL\010008.jsonl,,,,0.01
2026-09-03T03:12:40.084437+00:00,010010,MARSHALL MEDICAL CENTER NORTH,SUCCESS,C:\Users\bombt\Documents\Code\Hospital_Pricing\data\AL\010010.jsonl,,,,0.03
2026-09-03T03:12:40.084437+00:00,010011,ASCENSION ST. VINCENT'S EAST,SUCCESS,C:\Users\bombt\Documents\Code\Hospital_Pricing\data\AL\010011.jsonl,,,,0.02
2026-09-03T03:12:40.084437+00:00,010012,DEKALB REGIONAL MEDICAL CENTER,SKIPPED,https://dekalbregional.org/wp-content/uploads/934333907_Dekalb-Regional-Medical-Center_standardcharges.csv,,,No existing archive at C:\Users\bombt\Documents\Code\Hospital_Pricing\data\AL\010012.jsonl,
2026-09-03T03:12:40.084437+00:00,010016,BAPTIST HEALTH SHELBY HOSPITAL,SUCCESS,C:\Users\bombt\Documents\Code\Hospital_Pricing\data\AL\010016.jsonl,2,,,0.10
2026-09-03T03:12:40.084437+00:00,010018,UAB CALLAHAN EYE HOSPITAL,SUCCESS,C:\Users\bombt\Documents\Code\Hospital_Pricing\data\AL\010018.jsonl,,,,0.01
2026-09-03T03:12:40.084437+00:00,010019,HELEN KELLER HOSPITAL,SUCCESS,C:\Users\bombt\Documents\Code\Hospital_Pricing\data\AL\010019.jsonl,2,,,0.03
2026-09-03T03:12:40.084437+00:00,010021,DALE MEDICAL CENTER,SUCCESS,C:\Users\bombt\Documents\Code\Hospital_Pricing\data\AL\010021.jsonl,,,,0.01
2026-09-03T03:12:40.084437+00:00,010022,ATRIUM HEALTH FLOYD CHEROKEE MEDICAL CENTER,SUCCESS,C:\Users\bombt\Documents\Code\Hospital_Pricing\data\AL\010022.jsonl,,,,0.01
2026-09-03T03:12:40.084437+00:00,010023,BAPTIST MEDICAL CENTER SOUTH,SUCCESS,C:\Users\bombt\Documents\Code\Hospital_Pricing\data\AL\010023.jsonl,1,,,0.06
2026-09-03T03:12:40.084437+00:00,010029,EAST ALABAMA MEDICAL CENTER,SUCCESS,C:\Users\bombt\Documents\Code\Hospital_Pricing\data\AL\010029.jsonl,,,,0.03
2026-09-03T03:12:40.084437+00:00,010033,UAB HOSPITAL,SUCCESS,C:\Users\bombt\Documents\Code\Hospital_Pricing\data\AL\010033.jsonl,2,,,0.03
2026-09-03T03:12:40.084437+00:00,010034,COMMUNITY HOSPITAL,SKIPPED,http://www.chal.org/Community_Hospital_Machine_Readable_Standard_Charges_12_2020.csv,,,No existing archive at C:\Users\bombt\Documents\Code\Hospital_Pricing\data\AL\010034.jsonl,
2026-09-03T03:12:40.084437+00:00,010035,CULLMAN REGIONAL MEDICAL CENTER,SUCCESS,C:\Users\bombt\Documents\Code\Hospital_Pricing\data\AL\010035.jsonl,,,,0.02
2026-09-03T03:12:40.084437+00:00,010036,ANDALUSIA HEALTH,SUCCESS,C:\Users\bombt\Documents\Code\Hospital_Pricing\data\AL\010036.jsonl,,,,0.01
2026-09-03T03:12:40.084437+00:00,010038,STRINGFELLOW MEMORIAL HOSPITAL,SUCCESS,C:\Users\bombt\Documents\Code\Hospital_Pricing\data\AL\010038.jsonl,,,,0.03
2026-09-03T03:12:40.084437+00:00,010039,HUNTSVILLE HOSPITAL,SUCCESS,C:\Users\bombt\Documents\Code\Hospital_Pricing\data\AL\010039.jsonl,2,,,0.05
2026-09-03T03:12:40.084437+00:00,010040,GADSDEN REGIONAL MEDICAL CENTER,SUCCESS,C:\Users\bombt\Documents\Code\Hospital_Pricing\data\AL\010040.jsonl,,,,0.02
2026-09-03T03:12:40.084437+00:00,010044,NORTH MISSISSIPPI MEDICAL CENTER - HAMILTON,SUCCESS,C:\Users\bombt\Documents\Code\Hospital_Pricing\data\AL\010044.jsonl,,,,0.02
2026-09-03T03:12:40.084437+00:00,010045,DCH FAYETTE MEDICAL CENTER,SUCCESS,C:\Users\bombt\Documents\Code\Hospital_Pricing\data\AL\010045.jsonl,2,,,0.05
2026-09-03T03:12:40.084437+00:00,010046,RIVERVIEW REGIONAL MEDICAL CENTER,SUCCESS,C:\Users\bombt\Documents\Code\Hospital_Pricing\data\AL\010046.jsonl,,,,0.03
2026-09-03T03:12:40.084437+00:00,010049,MEDICAL CENTER ENTERPRISE,SUCCESS,C:\Users\bombt\Documents\Code\Hospital_Pricing\data\AL\010049.jsonl,,,,0.01
2026-09-03T03:12:40.084437+00:00,010052,LAKE MARTIN COMMUNITY HOSPITAL,SUCCESS,C:\Users\bombt\Documents\Code\Hospital_Pricing\data\AL\010052.jsonl,,,,0.01
2026-09-03T03:12:40.084437+00:00,010054,DECATUR MORGAN HOSPITAL PARKWAY CAMPUS,SUCCESS,C:\Users\bombt\Documents\Code\Hospital_Pricing\data\AL\010054.jsonl,,,,0.02
2026-09-03T03:12:40.084437+00:00,010055,FLOWERS HOSPITAL,SUCCESS,C:\Users\bombt\Documents\Code\Hospital_Pricing\data\AL\010055.jsonl,,,,0.02
2026-09-03T03:12:40.084437+00:00,010056,ASCENSION ST. VINCENT'S BIRMINGHAM,SUCCESS,C:\Users\bombt\Documents\Code\Hospital_Pricing\data\AL\010056.jsonl,,,,0.04
2026-09-03T03:12:40.084437+00:00,010058,BIBB MEDICAL CENTER,SUCCESS,C:\Users\bombt\Documents\Code\Hospital_Pricing\data\AL\010058.jsonl,,,,0.01
2026-09-03T03:12:40.084437+00:00,010059,LAWRENCE MEDICAL CENTER,SKIPPED,https://s3.amazonaws.com/ycubaa-production-marlin-1-charge-management-public/facilities/153bd9ca-53c7-4fb3-b3cd-23ab4fd925c4/72-1589022_LawrenceMedicalCenter_StandardCharges_070623.xlsx,,,No existing archive at C:\Users\bombt\Documents\Code\Hospital_Pricing\data\AL\010059.jsonl,
2026-09-03T03:12:40.084437+00:00,010061,HIGHLANDS MEDICAL CENTER,SUCCESS,C:\Users\bombt\Documents\Code\Hospital_Pricing\data\AL\010061.jsonl,,,,0.01
2026-09-03T03:12:40.084437+00:00,010062,WIREGRASS MEDICAL CENTER,SUCCESS,C:\Users\bombt\Documents\Code\Hospital_Pricing\data\AL\010062.jsonl,,,,0.01
2026-09-03T03:12:40.084437+00:00,010065,RUSSELL MEDICAL,SUCCESS,C:\Users\bombt\Documents\Code\Hospital_Pricing\data\AL\010065.jsonl,1,,,0.04
2026-09-03T03:12:40.084437+00:00,010069,MEDICAL CENTER BARBOUR,SKIPPED,https://medicalcenterbarbour.pg.quadax.revenuemasters.com/cdm-files/680640677_medical-center-barbour_standardcharges.csv,,,No existing archive at C:\Users\bombt\Documents\Code\Hospital_Pricing\data\AL\010069.jsonl,
2026-09-03T03:12:40.084437+00:00,010073,CLAY COUNTY HOSPITAL,SUCCESS,C:\Users\bombt\Documents\Code\Hospital_Pricing\data\AL\010073.jsonl,,,,0.01
2026-09-03T03:12:40.084437+00:00,010078,REGIONAL MEDICAL CENTER ANNISTON,SUCCESS,C:\Users\bombt\Documents\Code\Hospital_Pricing\data\AL\010078.jsonl,,,,0.02
2026-09-03T03:12:40.084437+00:00,010083,SOUTH BALDWIN REGIONAL MEDICAL CENTER,SUCCESS,C:\Users\bombt\Documents\Code\Hospital_Pricing\data\AL\010083.jsonl,,,,0.02
2026-09-03T03:12:40.084437+00:00,010085,DECATUR MORGAN HOSPITAL,SUCCESS,C:\Users\bombt\Documents\Code\Hospital_Pricing\data\AL\010085.jsonl,,,,0.02
2026-09-03T03:12:40.084437+00:00,010086,NORTH MISSISSIPPI HEALTH SERVICES SOUTH MARION,SUCCESS,C:\Users\bombt\Documents\Code\Hospital_Pricing\data\AL\010086.jsonl,,,,0.01
2026-09-03T03:12:40.084437+00:00,010087,USA HEALTH UNIVERSITY HOSPITAL,SUCCESS,C:\Users\bombt\Documents\Code\Hospital_Pricing\data\AL\010087.jsonl,2,,,0.04
2026-09-03T03:12:40.084437+00:00,010089,BAPTIST HEALTH WALKER HOSPITAL,SUCCESS,C:\Users\bombt\Documents\Code\Hospital_Pricing\data\AL\010089.jsonl,2,,,0.07
2026-09-03T03:12:40.084437+00:00,010090,USA HEALTH PROVIDENCE HOSPITAL,SUCCESS,C:\Users\bombt\Documents\Code\Hospital_Pricing\data\AL\010090.jsonl,2,,,0.02
2026-09-03T03:12:40.084437+00:00,010091,GROVE HILL MEMORIAL HOSPITAL,SUCCESS,C:\Users\bombt\Documents\Code\Hospital_Pricing\data\AL\010091.jsonl,,,,0.00
2026-09-03T03:12:40.084437+00:00,010092,DCH REGIONAL MEDICAL CENTER,SUCCESS,C:\Users\bombt\Documents\Code\Hospital_Pricing\data\AL\010092.jsonl,2,,,0.05
2026-09-03T03:12:40.084437+00:00,010095,HALE COUNTY HOSPITAL,SUCCESS,C:\Users\bombt\Documents\Code\Hospital_Pricing\data\AL\010095.jsonl,1,,,0.03
2026-09-03T03:12:40.084437+00:00,010097,ELMORE COMMUNITY HOSPITAL,SUCCESS,C:\Users\bombt\Documents\Code\Hospital_Pricing\data\AL\010097.jsonl,,,,0.01
2026-09-03T03:12:40.084437+00:00,010099,D. W. MCMILLAN MEMORIAL HOSPITAL,SUCCESS,C:\Users\bombt\Documents\Code\Hospital_Pricing\data\AL\010099.jsonl,,,,0.01
2026-09-03T03:12:40.084437+00:00,010100,THOMAS HOSPITAL,SUCCESS,C:\Users\bombt\Documents\Code\Hospital_Pricing\data\AL\010100.jsonl,,,,0.02
2026-09-03T03:12:40.084437+00:00,010101,BAPTIST HEALTH CITIZENS HOSPITAL,SUCCESS,C:\Users\bombt\Documents\Code\Hospital_Pricing\data\AL\010101.jsonl,2,,,0.06
2026-09-03T03:12:40.084437+00:00,010103,PRINCETON BAPTIST MEDICAL CENTER,SUCCESS,C:\Users\bombt\Documents\Code\Hospital_Pricing\data\AL\010103.jsonl,2,,,0.09
2026-09-03T03:12:40.084437+00:00,010104,GRANDVIEW MEDICAL CENTER,SUCCESS,C:\Users\bombt\Documents\Code\Hospital_Pricing\data\AL\010104.jsonl,,,,0.02
2026-09-03T03:12:40.084437+00:00,010108,PRATTVILLE BAPTIST HOSPITAL,SUCCESS,C:\Users\bombt\Documents\Code\Hospital_Pricing\data\AL\010108.jsonl,1,,,0.04
2026-09-03T03:12:40.084437+00:00,010110,BULLOCK COUNTY HOSPITAL,SKIPPED,https://www.bullockcountyhospital.com/_files/ugd/ce2ea9_f3505ecc9c2048c29367cd5b45c77c4c.csv?dn=631070858_Bullock_Hospital_StandardCharges.CSV,,,No existing archive at C:\Users\bombt\Documents\Code\Hospital_Pricing\data\AL\010110.jsonl,
2026-09-03T03:12:40.084437+00:00,010113,MOBILE INFIRMARY,SUCCESS,C:\Users\bombt\Documents\Code\Hospital_Pricing\data\AL\010113.jsonl,2,,,0.02
2026-09-03T03:12:40.084437+00:00,010114,UAB MEDICAL WEST HOSPITAL,SUCCESS,C:\Users\bombt\Documents\Code\Hospital_Pricing\data\AL\010114.jsonl,,,,0.03
2026-09-03T03:12:40.084437+00:00,010118,VAUGHAN REGIONAL MEDICAL CENTER,SUCCESS,C:\Users\bombt\Documents\Code\Hospital_Pricing\data\AL\010118.jsonl,,,,0.01
2026-09-03T03:12:40.084437+00:00,010120,MONROE COUNTY HOSPITAL,SUCCESS,C:\Users\bombt\Documents\Code\Hospital_Pricing\data\AL\010120.jsonl,,,,0.02
2026-09-03T03:12:40.084437+00:00,010126,TROY REGIONAL MEDICAL CENTER,SUCCESS,C:\Users\bombt\Documents\Code\Hospital_Pricing\data\AL\010126.jsonl,,,,0.01
2026-09-03T03:12:40.084437+00:00,010128,JACKSON MEDICAL CENTER,SUCCESS,C:\Users\bombt\Documents\Code\Hospital_Pricing\data\AL\010128.jsonl,,,,0.01
2026-09-03T03:12:40.084437+00:00,010129,NORTH BALDWIN INFIRMARY,SUCCESS,C:\Users\bombt\Documents\Code\Hospital_Pricing\data\AL\010129.jsonl,,,,0.02
2026-09-03T03:12:40.084437+00:00,010130,ASCENSION ST. VINCENT'S ST. CLAIR,SUCCESS,C:\Users\bombt\Documents\Code\Hospital_Pricing\data\AL\010130.jsonl,,,,0.04
2026-09-03T03:12:40.084437+00:00,010131,CRESTWOOD MEDICAL CENTER,SUCCESS,C:\Users\bombt\Documents\Code\Hospital_Pricing\data\AL\010131.jsonl,,,,0.04
2026-09-03T03:12:40.084437+00:00,010138,HILL HOSPITAL OF SUMTER COUNTY,SUCCESS,C:\Users\bombt\Documents\Code\Hospital_Pricing\data\AL\010138.jsonl,1,,,0.03
2026-09-03T03:12:40.084437+00:00,010139,BAPTIST HEALTH BROOKWOOD HOSPITAL,SUCCESS,C:\Users\bombt\Documents\Code\Hospital_Pricing\data\AL\010139.jsonl,2,,,0.08
2026-09-03T03:12:40.084437+00:00,010144,SPRINGHILL MEDICAL CENTER,SUCCESS,C:\Users\bombt\Documents\Code\Hospital_Pricing\data\AL\010144.jsonl,,,,0.02
2026-09-03T03:12:40.084437+00:00,010148,EVERGREEN MEDICAL CENTER,SKIPPED,https://irp.cdn-website.com/1a9867e2/files/uploaded/208057151_evergreenmedicalcenter_standardcharges-f977ae91.csv,,,No existing archive at C:\Users\bombt\Documents\Code\Hospital_Pricing\data\AL\010148.jsonl,
2026-09-03T03:12:40.084437+00:00,010149,BAPTIST MEDICAL CENTER EAST,SUCCESS,C:\Users\bombt\Documents\Code\Hospital_Pricing\data\AL\010149.jsonl,1,,,0.05
2026-09-03T03:12:40.084437+00:00,010150,REGIONAL MEDICAL CENTER OF CENTRAL ALABAMA,SKIPPED,https://www.rmcca.com/Uploads/Public/Documents/822445000_the-health-care-authority-of-city-of-greenville---lv-stabler_standardcharges.csv,,,No existing archive at C:\Users\bombt\Documents\Code\Hospital_Pricing\data\AL\010150.jsonl,
2026-09-03T03:12:40.084437+00:00,010157,SHOALS HOSPITAL,SUCCESS,C:\Users\bombt\Documents\Code\Hospital_Pricing\data\AL\010157.jsonl,,,,0.01
2026-09-03T03:12:40.084437+00:00,010158,RUSSELLVILLE HOSPITAL,SUCCESS,C:\Users\bombt\Documents\Code\Hospital_Pricing\data\AL\010158.jsonl,,,,0.02
2026-09-03T03:12:40.084437+00:00,010164,COOSA VALLEY MEDICAL CENTER,SKIPPED,https://cvhealth.net/wp-content/uploads/2025/06/201282261_sylacauga-health-care-authority_standardcharges.csv,,,No existing archive at C:\Users\bombt\Documents\Code\Hospital_Pricing\data\AL\010164.jsonl,
2026-09-03T03:12:40.084437+00:00,010168,JACK HUGHSTON MEMORIAL HOSPITAL,SUCCESS,C:\Users\bombt\Documents\Code\Hospital_Pricing\data\AL\010168.jsonl,,,,0.01
2026-09-03T03:12:40.084437+00:00,010169,ATMORE COMMUNITY HOSPITAL,SUCCESS,C:\Users\bombt\Documents\Code\Hospital_Pricing\data\AL\010169.jsonl,,,,0.01
2026-09-03T03:12:40.084437+00:00,010173,UAB ST. VINCENT’S CHILTON,SUCCESS,C:\Users\bombt\Documents\Code\Hospital_Pricing\data\AL\010173.jsonl,,,,0.00
2026-09-03T03:12:40.084437+00:00,010781,J. PAUL JONES RURAL EMERGENCY HOSPITAL,SUCCESS,C:\Users\bombt\Documents\Code\Hospital_Pricing\data\AL\010781.jsonl,1,,,0.03
2026-09-03T03:12:40.084437+00:00,011300,WASHINGTON COUNTY HOSPITAL,SUCCESS,C:\Users\bombt\Documents\Code\Hospital_Pricing\data\AL\011300.jsonl,,,,0.01
2026-09-03T03:12:40.084437+00:00,011302,RED BAY HOSPITAL,SUCCESS,C:\Users\bombt\Documents\Code\Hospital_Pricing\data\AL\011302.jsonl,2,,,0.02
2026-09-03T03:12:40.084437+00:00,011304,OCHSNER CHOCTAW GENERAL,SUCCESS,C:\Users\bombt\Documents\Code\Hospital_Pricing\data\AL\011304.jsonl,,,,0.02
2026-09-03T03:12:40.084437+00:00,011306,TANNER MEDICAL CENTER/EAST ALABAMA,SUCCESS,C:\Users\bombt\Documents\Code\Hospital_Pricing\data\AL\011306.jsonl,,,,0.00
2026-09-03T03:12:40.084437+00:00,012006,INFIRMARY LTAC HOSPITAL,SUCCESS,C:\Users\bombt\Documents\Code\Hospital_Pricing\data\AL\012006.jsonl,2,,,0.02
2026-09-03T03:12:40.084437+00:00,012008,SELECT SPECIALTY HOSPITAL BIRMINGHAM,SKIPPED,https://resources.selectmedical.com/pricing-transparency/critical-illness-recovery/25-1813128_Select_Specialty_Hospital-Birmingham_standardcharges.csv,,,No existing archive at C:\Users\bombt\Documents\Code\Hospital_Pricing\data\AL\012008.jsonl,
2026-09-03T03:12:40.084437+00:00,012009,NOLAND HOSPITAL BIRMINGHAM,SUCCESS,C:\Users\bombt\Documents\Code\Hospital_Pricing\data\AL\012009.jsonl,,,,0.01
2026-09-03T03:12:40.084437+00:00,012010,NOLAND HOSPITAL DOTHAN,SUCCESS,C:\Users\bombt\Documents\Code\Hospital_Pricing\data\AL\012010.jsonl,1,,,0.03
2026-09-03T03:12:40.084437+00:00,012011,NOLAND HOSPITAL ANNISTON,SUCCESS,C:\Users\bombt\Documents\Code\Hospital_Pricing\data\AL\012011.jsonl,,,,0.01
2026-09-03T03:12:40.084437+00:00,012570,NORTHPORT MEDICAL CENTER,SUCCESS,C:\Users\bombt\Documents\Code\Hospital_Pricing\data\AL\012570.jsonl,2,,,0.05
2026-09-03T03:12:40.084437+00:00,013025,ENCOMPASS HEALTH LAKESHORE REHABILITATION HOSPITAL,SKIPPED,https://edge.sitecorecloud.io/encompasshee178-encompasshed9db-prodb258-07da/media/Project/EncompassHealth/encompasshealth/Files/1-price-transparency/621178229_Encompass-Health-Lakeshore-Rehabilitation-Hospital_standardcharges.csv,,,No existing archive at C:\Users\bombt\Documents\Code\Hospital_Pricing\data\AL\013025.jsonl,
2026-09-03T03:12:40.084437+00:00,013028,ENCOMPASS HEALTH REHABILITATION HOSPITAL OF MONTGOMERY,SKIPPED,https://edge.sitecorecloud.io/encompasshee178-encompasshed9db-prodb258-07da/media/Project/EncompassHealth/encompasshealth/Files/1-price-transparency/631106107_Encompass-Health-Rehabilitation-Hospital-of-Montgomery_standardcharges.csv,,,No existing archive at C:\Users\bombt\Documents\Code\Hospital_Pricing\data\AL\013028.jsonl,
2026-09-03T03:12:40.084437+00:00,013029,ENCOMPASS HEALTH REHABILITATION HOSPITAL OF NORTH ALABAMA,SKIPPED,https://edge.sitecorecloud.io/encompasshee178-encompasshed9db-prodb258-07da/media/Project/EncompassHealth/encompasshealth/Files/1-price-transparency/371921725_Encompass-Health-Rehabilitation-Hospital-of-North-Alabama_standardcharges.csv,,,No existing archive at C:\Users\bombt\Documents\Code\Hospital_Pricing\data\AL\013029.jsonl,
2026-09-03T03:12:40.084437+00:00,013030,ENCOMPASS HEALTH REHABILITATION HOSPITAL,SKIPPED,https://edge.sitecorecloud.io/encompasshee178-encompasshed9db-prodb258-07da/media/Project/EncompassHealth/encompasshealth/Files/1-price-transparency/631097851_Encompass-Health-Rehabilitation-Hospital-of-Dothan_standardcharges.csv,,,No existing archive at C:\Users\bombt\Documents\Code\Hospital_Pricing\data\AL\013030.jsonl,
2026-09-03T03:12:40.084437+00:00,013031,ENCOMPASS HEALTH REHABILITATION HOSPITAL OF SHELBY COUNTY,SKIPPED,https://edge.sitecorecloud.io/encompasshee178-encompasshed9db-prodb258-07da/media/Project/EncompassHealth/encompasshealth/Files/1-price-transparency/270275705_Encompass-Health-Rehabilitation-Hospital-of-Shelby-County_standardcharges.csv,,,No existing archive at C:\Users\bombt\Documents\Code\Hospital_Pricing\data\AL\013031.jsonl,
2026-09-03T03:12:40.084437+00:00,013032,ENCOMPASS HEALTH REHABILITATION HOSPITAL OF GADSDEN,SKIPPED,https://edge.sitecorecloud.io/encompasshee178-encompasshed9db-prodb258-07da/media/Project/EncompassHealth/encompasshealth/Files/1-price-transparency/274000610_Encompass-Health-Rehabilitation-Hospital-of-Gadsden_standardcharges.csv,,,No existing archive at C:\Users\bombt\Documents\Code\Hospital_Pricing\data\AL\013032.jsonl,
2026-09-03T03:12:40.084437+00:00,013033,REGIONAL REHABILITATION HOSPITAL OF PHENIX CITY,SKIPPED,https://edge.sitecorecloud.io/encompasshee178-encompasshed9db-prodb258-07da/media/Project/EncompassHealth/encompasshealth/Files/1-price-transparency/631280233_Rehabilitation-Hospital-of-Phenix-City_standardcharges.csv,,,No existing archive at C:\Users\bombt\Documents\Code\Hospital_Pricing\data\AL\013033.jsonl,
2026-09-03T03:12:40.084437+00:00,013300,CHILDREN'S OF ALABAMA BENJAMIN RUSSELL HOSPITAL,SUCCESS,C:\Users\bombt\Documents\Code\Hospital_Pricing\data\AL\013300.jsonl,2,,,0.02
2026-09-03T03:12:40.084437+00:00,013301,USA HEALTH CHILDREN'S AND WOMEN'S HOSPITAL,SUCCESS,C:\Users\bombt\Documents\Code\Hospital_Pricing\data\AL\013301.jsonl,2,,,0.05
2026-09-03T03:12:40.084437+00:00,014000,HILL CREST BEHAVIORAL HEALTH SERVICES,SKIPPED,https://uhsfilecdn.eskycity.net/bh/630862148_hill-crest_standardcharges.csv,,,No existing archive at C:\Users\bombt\Documents\Code\Hospital_Pricing\data\AL\014000.jsonl,
2026-09-03T03:12:40.084437+00:00,014006,MOUNTAIN VIEW HOSPITAL,SUCCESS,C:\Users\bombt\Documents\Code\Hospital_Pricing\data\AL\014006.jsonl,,,,0.00
2026-09-03T03:12:40.084437+00:00,014013,LAUREL OAKS BEHAVIORAL HEALTH CENTER,SKIPPED,https://uhsfilecdn.eskycity.net/bh/522090040_laurel-oaks_standardcharges.csv,,,No existing archive at C:\Users\bombt\Documents\Code\Hospital_Pricing\data\AL\014013.jsonl,
2026-09-03T03:12:40.084437+00:00,014014,BAYPOINTE HOSPITAL,SUCCESS,C:\Users\bombt\Documents\Code\Hospital_Pricing\data\AL\014014.jsonl,,,,0.00
2026-09-03T03:12:40.084437+00:00,014015,BEACON CHILDREN'S HOSPITAL,SKIPPED,https://www.perimeterhealthcare.com/assets/2789/standard_charges_beacon.xlsx,,,No existing archive at C:\Users\bombt\Documents\Code\Hospital_Pricing\data\AL\014015.jsonl,
2026-09-03T03:12:40.084437+00:00,014017,EASTPOINTE HOSPITAL,SUCCESS,C:\Users\bombt\Documents\Code\Hospital_Pricing\data\AL\014017.jsonl,,,,0.00
2026-09-03T03:12:40.084437+00:00,014018,UNITY PSYCHIATRIC CARE - HUNTSVILLE,SUCCESS,C:\Users\bombt\Documents\Code\Hospital_Pricing\data\AL\014018.jsonl,,,,0.00
